tweet_id,favs_count,retweets
892420643555336193,34986,7341
892177421306343426,30294,5478
891815181378084864,22788,3621
891689557279858688,38250,7530
891327558926688256,36532,8110
891087950875897856,18426,2715
890971913173991426,10719,1757
890729181411237888,58937,16465
890609185150312448,25357,3768
890240255349198849,28937,6375
890006608113172480,27901,6404
889880896479866881,25377,4340
889665388333682689,43558,8725
889638837579907072,24495,3896
889531135344209921,13796,1966
889278841981685760,22861,4635
888917238123831296,26465,3904
888804989199671297,23236,3698
888554962724278272,17913,3006
888078434458587136,19804,3032
887705289381826560,27543,4711
887517139158093824,42129,10264
887473957103951883,62322,15676
887343217045368832,30567,9197
887101392804085760,27871,5204
886983233522544640,31555,6659
886736880519319552,10849,2765
886680336477933568,20439,3905
886366144734445568,19188,2760
886267009285017600,107,3
886258384151887873,25425,5517
886054160059072513,0,96
885984800019947520,29584,5854
885528943205470208,32670,5576
885518971528720385,18611,3260
885311592912609280,0,16126
885167619883638784,19885,3816
884925521741709313,69832,15750
884876753390489601,25266,4875
884562892145688576,22082,4098
884441805382717440,24646,4972
884247878851493888,65781,17719
884162670584377345,18540,2612
883838122936631299,19855,2984
883482846933004288,41634,8624
883360690899218434,20611,3212
883117836046086144,33690,5785
882992080364220416,21703,3384
882762694511734784,25658,4263
882627270321602560,25484,5289
882268110199369728,40643,10094
882045870035918850,26630,4244
881906580714921986,22147,2968
881666595344535552,46071,9322
881633300179243008,114,8
881536004380872706,44956,13982
881268444196462592,21177,4643
880935762899988482,15553,2441
880872448815771648,19372,3335
880465832366813184,25846,5427
880221127280381952,24491,3626
880095782870896641,25124,3797
879862464715927552,20367,3043
879674319642796034,288,10
879492040517615616,21386,2766
879415818425184262,96085,39021
879376492567855104,15346,2741
879130579576475649,0,5969
879050749262655488,20511,4126
879008229531029506,17311,2341
878776093423087618,17661,3597
878604707211726852,27357,6187
878404777348136964,0,1117
878316110768087041,0,5791
878281511006478336,7022,1117
878057613040115712,38335,5969
877736472329191424,71925,16564
877611172832227328,0,71
877556246731214848,20655,3320
877316821321428993,25000,4561
877201837425926144,24668,4862
876838120628539392,18860,2923
876537666061221889,21690,4127
876484053909872640,17123,2078
876120275196170240,25540,4082
875747767867523072,22916,3753
875144289856114688,20008,4301
875097192612077568,25051,5350
875021211251597312,23309,4146
874680097055178752,25402,4079
874434818259525634,0,12760
874296783580663808,23815,3634
874057562936811520,20777,3508
874012996292530176,31186,8979
873580283840344065,22159,3465
873337748698140672,0,1393
873213775632977920,6545,1393
872967104147763200,24913,4762
872820683541237760,13493,3284
872620804844003328,18980,3213
872486979161796608,37307,8038
872122724285648897,31325,7165
871879754684805121,34344,9655
871762521631449091,18506,3079
871515927908634625,18494,3067
871166179821445120,0,5065
871102520638267392,19178,4882
871032628920680449,20855,3372
870804317367881728,30832,5479
870726314365509632,110,3
870656317836468226,11263,2305
870374049280663552,76424,23677
870308999962521604,20127,3681
870063196459192321,33505,7379
869772420881756160,39197,9038
869702957897576449,25893,5591
869596645499047938,14691,2763
869227993411051520,18772,3346
868880397819494401,60025,12811
868639477480148993,0,1831
868622495443632128,24465,4703
868552278524837888,9275,1831
867900495410671616,22324,3735
867774946302451713,31305,6538
867421006826221569,14800,2225
867072653475098625,0,106
867051520902168576,29674,7057
866720684873056260,18429,4307
866686824827068416,17757,3092
866450705531457537,112675,31580
866334964761202691,48236,12760
866094527597207552,0,7502
865718153858494464,23744,5053
865359393868664832,24442,4493
865006731092295680,25902,6951
864873206498414592,29802,7810
864279568663928832,13512,2707
864197398364647424,27678,7931
863907417377173506,19099,3734
863553081350529029,14117,3783
863471782782697472,0,2173
863432100342583297,22034,4735
863427515083354112,2029,84
863079547188785154,8144,1002
863062471531167744,7799,2173
862831371563274240,17786,4634
862722525377298433,15866,3213
862457590147678208,18923,4442
862096992088072192,68598,20900
861383897657036800,33480,9697
861288531465048066,15928,3743
861005113778896900,15517,3464
860981674716409858,0,1935
860924035999428608,0,710
860563773140209665,6962,1935
860524505164394496,22004,4800
860276583193509888,17137,3200
860184849394610176,15496,5324
860177593139703809,0,28041
859924526012018688,18270,3726
859851578198683649,14419,3206
859607811541651456,17398,1410
859196978902773760,83588,27428
859074603037188101,31506,12462
858860390427611136,0,7398
858843525470990336,14591,3170
858471635011153920,20177,4451
858107933456039936,14724,2643
857989990357356544,15026,2364
857746408056729600,31980,9739
857393404942143489,5511,1498
857263160327368704,18836,4140
857214891891077121,210,16
857062103051644929,0,154
857029823797047296,17655,3649
856543823941562368,15362,2654
856526610513747968,11163,1733
856330835276025856,0,615
856288084350160898,487,15
856282028240666624,26070,5797
855862651834028034,313,22
855860136149123072,4600,894
855857698524602368,11195,1945
855851453814013952,43239,16741
855818117272018944,25120,5019
855459453768019968,28050,7600
855245323840757760,0,5506
855138241867124737,0,39
854732716440526848,21438,5617
854482394044301312,27547,6311
854365224396361728,17832,4349
854120357044912130,30225,6931
854010172552949760,15368,2921
853760880890318849,27027,5357
853639147608842240,32750,9297
853299958564483072,14666,3303
852936405516943360,0,1853
852912242202992640,8526,1678
852672615818899456,14153,2014
852553447878664193,15435,3249
852311364735569921,31439,9272
852226086759018497,18957,6376
852189679701164033,10915,1481
851861385021730816,0,19
851591660324737024,15489,3254
851464819735769094,23071,6605
851224888060895234,19700,5393
850753642995093505,29252,8483
850380195714523136,12500,2437
850333567704068097,3295,308
850145622816686080,15554,3547
850019790995546112,19468,4568
849776966551130114,28973,7124
849668094696017920,0,4661
849412302885593088,15176,2959
849336543269576704,10903,1770
849051919805034497,40447,7958
848690551926992896,24114,4080
848324959059550208,23654,4351
848213670039564288,7816,675
848212111729840128,15616,2840
847978865427394560,0,3066
847971574464610304,0,416
847962785489326080,22517,4794
847842811428974592,5186,1240
847617282490613760,6691,389
847606175596138505,17989,3235
847251039262605312,19654,4089
847157206088847362,19017,5505
847116187444137987,20589,3008
846874817362120707,19268,3706
846514051647705089,42715,10893
846505985330044928,13551,2900
846153765933735936,30260,8536
846139713627017216,29799,9563
846042936437604353,15334,2703
845812042753855489,28033,8220
845677943972139009,24214,4561
845397057150107648,7323,1684
845306882940190720,22416,5085
845098359547420673,0,7242
844979544864018432,13121,2412
844973813909606400,14442,2994
844580511645339650,15825,2944
844223788422217728,13158,2072
843981021012017153,14636,2806
843856843873095681,20686,4370
843604394117681152,16262,2590
843235543001513987,20711,5682
842846295480000512,14743,3452
842765311967449089,6487,1205
842535590457499648,17484,3335
842163532590374912,23561,5507
842115215311396866,13485,2877
841833993020538882,0,14244
841680585030541313,24885,7462
841439858740625411,12166,3485
841320156043304961,19115,5253
841314665196081154,15286,4410
841077006473256960,22073,5065
840761248237133825,0,1674
840728873075638272,0,15268
840698636975636481,172,2
840696689258311684,11866,923
840632337062862849,8699,1674
840370681858686976,15889,4342
840268004936019968,18595,5459
839990271299457024,12971,2165
839549326359670784,26514,7399
839290600511926273,0,137
839239871831150596,26196,6216
838952994649550848,19019,3825
838921590096166913,10782,1949
838916489579200512,0,32
838831947270979586,0,10516
838561493054533637,10620,1269
838476387338051585,21749,4535
838201503651401729,0,9601
838150277551247360,1611,318
838085839343206401,136,1
838083903487373313,17086,2973
837820167694528512,33014,7502
837482249356513284,3742,424
837471256429613056,12405,2159
837110210464448512,15565,2260
836989968035819520,12372,2201
836753516572119041,18794,4442
836677758902222849,12262,2128
836648853927522308,0,531
836397794269200385,0,26334
836380477523124226,14348,2867
836260088725786625,20683,4136
836001077879255040,18490,4087
835685285446955009,0,7797
835574547218894849,17282,3458
835536468978302976,0,1616
835309094223372289,0,20070
835297930240217089,15999,2859
835264098648616962,7493,1616
835246439529840640,2048,68
835172783151792128,25422,5526
835152434251116546,21731,2876
834931633769889797,10475,1556
834786237630337024,20853,5308
834574053763584002,13262,2414
834477809192075265,0,10211
834458053273591808,9347,1606
834209720923721728,19981,4551
834167344700198914,15398,3529
834089966724603904,9758,2050
834086379323871233,12696,2118
833863086058651648,13076,2309
833826103416520705,17636,3611
833732339549220864,0,212
833722901757046785,20320,3115
833479644947025920,14477,1961
833124694597443584,19672,4661
832998151111966721,12893,2114
832769181346996225,0,38
832757312314028032,16409,3480
832682457690300417,11548,2805
832645525019123713,2850,513
832636094638288896,15456,2678
832397543355072512,11654,2126
832369877331693569,16703,3066
832273440279240704,11049,2245
832215909146226688,0,5992
832215726631055365,0,8970
832088576586297345,61,2
832040443403784192,0,9226
832032802820481025,17378,4495
831939777352105988,23337,5908
831926988323639298,325,34
831911600680497154,26834,6257
831670449226514432,10161,1745
831650051525054464,6933,1853
831552930092285952,8742,2250
831322785565769729,9050,1495
831315979191906304,6365,1078
831309418084069378,11463,2378
831262627380748289,11588,1974
830956169170665475,7777,1435
830583320585068544,64968,16126
830173239259324417,0,5465
830097400375152640,9515,2824
829878982036299777,0,4814
829861396166877184,11949,1868
829501995190984704,30930,10211
829449946868879360,10199,1937
829141528400556032,23755,7085
829011960981237760,52025,15813
828801551087042563,0,3304
828770345708580865,24950,5650
828708714936930305,35597,10810
828650029636317184,9286,1292
828409743546925057,6205,1118
828408677031882754,7508,1242
828381636999917570,12288,2149
828376505180889089,7217,1034
828372645993398273,12281,2828
828361771580813312,2132,172
828046555563323392,11450,2760
828011680017821696,10109,2087
827933404142436356,19565,5068
827653905312006145,15131,2919
827600520311402496,7291,906
827324948884643840,15459,2927
827199976799354881,10329,2148
826958653328592898,21022,4814
826848821049180160,35326,9797
826615380357632002,0,3852
826598799820865537,5015,241
826598365270007810,9772,2272
826476773533745153,17974,4054
826240494070030336,12969,2524
826204788643753985,4762,885
826115272272650244,15279,3002
825876512159186944,10246,1799
825829644528148480,12468,2424
825535076884762624,55724,17036
825147591692263424,17865,4386
825120256414846976,0,1210
825026590719483904,6126,1210
824796380199809024,0,5341
824775126675836928,14587,3391
824663926340194305,10289,1709
824325613288833024,11560,10278
824297048279236611,14718,3731
824025158776213504,4728,581
823939628516474880,10408,2635
823719002937630720,0,10819
823699002998870016,13664,2441
823581115634085888,12734,2539
823333489516937216,689,22
823322678127919110,15383,3883
823269594223824897,0,9600
822975315408461824,16955,3340
822872901745569793,128620,41830
822859134160621569,12943,2200
822647212903690241,0,6200
822610361945911296,14488,2847
822489057087389700,17739,6200
822462944365645825,27298,13805
822244816520155136,34240,9600
822163064745328640,0,4596
821886076407029760,11077,2237
821813639212650496,0,3270
821765923262631936,8215,1614
821522889702862852,7873,1701
821421320206483457,0,5397
821407182352777218,11493,4183
821153421864615936,248,10
821149554670182400,8433,1895
821107785811234820,9397,2065
821044531881721856,12402,2212
820837357901512704,0,6514
820749716845686786,30899,9601
820690176645140481,11988,3138
820494788566847489,0,548
820446719150292993,0,2489
820314633777061888,3285,548
820078625395449857,19395,6111
820013781606658049,0,1136
819952236453363712,5214,1136
819924195358416896,12676,4745
819711362133872643,13113,3024
819588359383371776,9468,1942
819347104292290561,7083,1173
819238181065359361,2212,398
819227688460238848,22584,6514
819015337530290176,0,36037
819015331746349057,0,18549
819006400881917954,44520,18549
819004803107983360,85442,36037
818646164899774465,0,20347
818627210458333184,21984,7348
818614493328580609,9646,2459
818588835076603904,0,5954
818536468981415936,10644,2383
818307523543449600,0,7835
818259473185828864,10794,2190
818145370475810820,12044,2479
817908911860748288,4762,774
817827839487737858,50532,26334
817777686764523521,10552,2608
817536400337801217,11545,2868
817502432452313088,0,3295
817423860136083457,33104,14244
817415592588222464,5494,924
817181837579653120,0,8212
817171292965273600,8604,1968
817120970343411712,11980,2524
817056546584727552,8431,1597
816829038950027264,0,4588
816816676327063552,9809,1973
816697700272001025,9598,2134
816450570814898180,29804,7835
816336735214911488,8442,1895
816091915477250048,8774,2075
816062466425819140,0,987
816014286006976512,0,5115
815990720817401858,4854,987
815966073409433600,21956,8212
815745968457060357,0,4025
815736392542261248,9670,2210
815639385530101762,8070,1605
815390420867969024,10162,3713
814986499976527872,7525,1242
814638523311648768,11079,2636
814578408554463233,0,5689
814530161257443328,8482,1821
814153002265309185,28224,8454
813944609378369540,0,3108
813910438903693312,9161,1812
813812741911748608,35853,13632
813800681631023104,8185,1712
813217897535406080,18315,7126
813202720496779264,9085,1774
813187593374461952,19520,4236
813172488309972993,9115,1889
813157409116065792,7632,2149
813142292504645637,8357,2334
813130366689148928,4419,434
813127251579564032,11600,3035
813112105746448384,10125,2667
813096984823349248,10398,3540
813081950185472002,9738,2722
813066809284972545,7799,1903
813051746834595840,20602,7187
812781120811126785,7416,1857
812709060537683968,6510,1409
812503143955202048,5960,1191
812466873996607488,7836,1880
812372279581671427,13427,3581
811985624773361665,7148,1370
811744202451197953,7413,1552
811647686436880384,5518,721
811627233043480576,12523,2992
811386762094317568,20585,6240
810984652412424192,5229,1392
810896069567610880,8862,1721
810657578271330305,10784,2568
810284430598270976,34606,10976
810254108431155201,14480,3304
809920764300447744,15318,3852
809808892968534016,0,4793
809448704142938112,6842,1428
809220051211603969,19587,5465
809084759137812480,13016,3451
808838249661788160,9968,2975
808733504066486276,7774,2111
808501579447930884,11129,2552
808344865868283904,41790,20347
808134635716833280,0,5780
808106460588765185,8675,2158
808001312164028416,12329,3461
807621403335917568,14370,3536
807106840509214720,116141,54087
807059379405148160,0,7165
807010152071229440,12921,3787
806629075125202948,73364,33851
806620845233815552,0,5407
806576416489959424,4821,1916
806542213899489280,10059,2306
806242860592926720,0,11372
806219024703037440,6360,1172
805958939288408065,0,5249
805932879469572096,8179,1884
805826884734976000,6472,1782
805823200554876929,0,7829
805520635690676224,5669,1623
805487436403003392,8680,2476
805207613751304193,7724,1687
804738756058218496,13476,3744
804475857670639616,6050,1972
804413760345620481,0,3160
804026241225523202,43718,15766
803773340896923648,9912,2687
803692223237865472,0,7290
803638050916102144,10790,4063
803380650405482500,7649,1840
803321560782307329,0,5193
803276597545603072,9889,2406
802952499103731712,8900,1954
802624713319034886,0,2845
802600418706604034,7006,1425
802572683846291456,8825,2462
802323869084381190,15940,5723
802265048156610565,6839,1347
802239329049477120,8962,2571
802185808107208704,0,269
801958328846974976,7652,1680
801854953262350336,1769,234
801538201127157760,8114,2029
801285448605831168,5952,804
801167903437357056,24064,5780
801127390143516673,0,3876
801115127852503040,7957,2062
800859414831898624,677,96
800855607700029440,0,1574
800751577355128832,10428,2742
800513324630806528,12964,2942
800459316964663297,9368,2135
800443802682937345,0,4217
800388270626521089,11004,2757
800188575492947969,0,3850
800141422401830912,15055,2489
800018252395122689,27912,12860
799774291445383169,0,4571
799757965289017345,8273,2114
799422933579902976,7952,1888
799308762079035393,0,5347
799297110730567681,9728,2691
799063482566066176,7981,2430
798933969379225600,12890,4368
798925684722855936,7409,1414
798705661114773508,0,6510
798701998996647937,0,7607
798697898615730177,0,6395
798694562394996736,0,4855
798686750113755136,0,2278
798682547630837760,0,4653
798673117451325440,0,5459
798665375516884993,0,3839
798644042770751489,0,1808
798628517273620480,0,1939
798585098161549313,0,5553
798576900688019456,0,5727
798340744599797760,0,3263
798209839306514432,10265,2503
797971864723324932,11415,3041
797545162159308800,14355,4790
797236660651966464,19638,6426
797165961484890113,222,26
796904159865868288,0,8739
796865951799083009,7568,1887
796759840936919040,11627,2971
796563435802726400,0,7074
796484825502875648,7459,1720
796387464403357696,10847,4066
796177847564038144,0,13985
796149749086875649,31765,13985
796125600683540480,4898,1759
796116448414461957,8960,2353
796080075804475393,8340,2257
796031486298386433,10643,3651
795464331001561088,48739,23056
795400264262053889,9878,2800
795076730285391872,15959,5341
794983741416415232,0,3299
794926597468000259,10077,2268
794355576146903043,0,10068
794332329137291264,9468,2628
794205286408003585,9111,3256
793962221541933056,16580,4793
793845145112371200,9095,1816
793614319594401792,0,3069
793601777308463104,7873,1582
793500921481273345,10511,2330
793286476301799424,24230,8970
793271401113350145,8573,2348
793256262322548741,19691,8184
793241302385262592,10357,3233
793226087023144960,9669,2823
793210959003287553,8798,2744
793195938047070209,15039,5508
793180763617361921,6839,1958
793165685325201412,9249,2725
793150605191548928,6096,1665
793135492858580992,6304,2452
793120401413079041,12472,3829
792913359805018113,14093,3894
792883833364439040,11125,4176
792773781206999040,7254,1644
792394556390137856,13204,4217
792050063153438720,7029,1751
791821351946420224,0,20661
791784077045166082,0,9351
791780927877898241,0,3744
791774931465953280,44390,21703
791672322847637504,11577,3069
791406955684368384,12949,4025
791312159183634433,8628,2479
791026214425268224,0,4011
790987426131050500,9669,2088
790946055508652032,16417,4588
790723298204217344,0,2258
790698755171364864,8079,1882
790581949425475584,20333,6954
790337589677002753,7711,1851
790277117346975746,12365,3108
790227638568808452,0,3481
789986466051088384,9114,2258
789960241177853952,0,4013
789903600034189313,10181,4053
789628658055020548,7366,1727
789599242079838210,6637,1880
789530877013393408,11542,3299
789314372632018944,8503,2243
789280767834746880,0,4817
789268448748703744,8968,2559
789137962068021249,9550,2723
788908386943430656,26996,12216
788765914992902144,26889,10068
788552643979468800,0,6990
788412144018661376,15287,5148
788178268662984705,7126,2049
788150585577050112,6020,1251
788070120937619456,0,3361
788039637453406209,6029,1282
787810552592695296,8484,2984
787717603741622272,10098,2714
787397959788929025,10726,2789
787322443945877504,7672,1701
787111942498508800,0,6601
786963064373534720,26206,7797
786729988674449408,0,2379
786709082849828864,17968,5992
786664955043049472,10409,2476
786595970293370880,9313,3063
786363235746385920,10708,3394
786286427768250368,7841,2768
786233965241827333,14983,4595
786051337297522688,1399,153
786036967502913536,0,6819
785927819176054784,11202,3115
785872687017132033,6595,1759
785639753186217984,7736,2190
785533386513321988,8939,1944
785515384317313025,6014,1227
785264754247995392,7145,1588
785170936622350336,11827,4715
784826020293709826,9929,3160
784517518371221505,8828,2466
784431430411685888,5631,1239
784183165795655680,19685,7829
784057939640352768,29209,10819
783839966405230592,29429,10516
783821107061198850,7240,1913
783695101801398276,10273,3130
783466772167098368,8290,2175
783391753726550016,16582,5325
783347506784731136,0,5397
783334639985389568,28565,11372
783085703974514689,8018,2139
782969140009107456,23692,7165
782747134529531904,7332,1377
782722598790725632,16938,5249
782598640137187329,7662,1830
782305867769217024,16332,5397
782021823840026624,0,6032
781955203444699136,10934,3279
781661882474196992,10242,2641
781655249211752448,3921,1105
781524693396357120,20363,5406
781308096455073793,7005,2491
781251288990355457,8240,2017
781163403222056960,9614,2685
780931614150983680,21209,7074
780858289093574656,7062,1958
780800785462489090,5371,1261
780601303617732608,11860,3269
780543529827336192,6172,1699
780496263422808064,0,3568
780476555013349377,0,109
780459368902959104,5187,1045
780192070812196864,8525,2183
780092040432480260,0,2233
780074436359819264,11878,4810
779834332596887552,18477,6819
779377524342161408,8584,3017
779124354206535695,0,17766
779056095788752897,14446,4390
778990705243029504,19525,6971
778774459159379968,0,9593
778764940568104960,845,353
778748913645780993,6728,1266
778650543019483137,5632,1453
778624900596654080,4512,983
778408200802557953,13339,4182
778396591732486144,0,11854
778383385161035776,5697,1066
778286810187399168,10130,3204
778039087836069888,8309,2566
778027034220126208,6407,1559
777953400541634568,0,3418
777885040357281792,6224,1581
777684233540206592,10986,2845
777641927919427584,0,4101
777621514455814149,8538,2439
777189768882946048,13917,4190
776819012571455488,0,13279
776813020089548800,4778,1170
776477788987613185,8606,2683
776249906839351296,0,8838
776218204058357768,29164,15357
776201521193218049,9354,2444
776113305656188928,11503,4217
776088319444877312,1791,147
775898661951791106,0,16260
775842724423557120,11435,2578
775733305207554048,13573,3876
775729183532220416,12699,4469
775364825476165632,7215,2862
775350846108426240,9909,3794
775085132600442880,15178,4571
774757898236878852,8409,1733
774639387460112384,6580,1678
774314403806253056,21264,5347
773985732834758656,10487,3739
773922284943896577,6252,1695
773704687002451968,6447,1569
773670353721753600,5223,1273
773547596996571136,21593,5954
773336787167145985,0,4886
773308824254029826,22752,7242
773247561583001600,9239,3156
773191612633579521,9766,4008
772877495989305348,8345,3750
772826264096874500,7845,2288
772615324260794368,0,3278
772581559778025472,6332,1654
772193107915964416,5865,1340
772152991789019136,3717,1102
772117678702071809,3674,716
772114945936949249,2667,457
772102971039580160,3910,906
771908950375665664,6396,1823
771770456517009408,11700,3263
771500966810099713,8070,2528
771380798096281600,10245,4886
771171053431250945,0,7196
771136648247640064,8931,2833
771102124360998913,6076,1393
771014301343748096,6725,1604
770787852854652928,4809,1164
770772759874076672,5055,1376
770655142660169732,7174,1729
770414278348247044,6174,2027
770293558247038976,6060,1419
770093767776997377,0,2944
770069151037685760,7404,2224
769940425801170949,30457,9226
769695466921623552,6263,1632
769335591808995329,0,7488
769212283578875904,5252,1659
768970937022709760,13932,6280
768909767477751808,0,2590
768855141948723200,4081,860
768609597686943744,3998,1157
768596291618299904,4909,1239
768554158521745409,0,5640
768473857036525572,13255,3300
768193404517830656,10601,3418
767884188863397888,4636,1329
767754930266464257,15581,5193
767500508068192258,7315,2267
767191397493538821,11974,3631
767122157629476866,9920,2764
766864461642756096,0,5422
766793450729734144,4911,1317
766714921925144576,2539,362
766693177336135680,3906,771
766423258543644672,5850,1528
766313316352462849,6608,1819
766078092750233600,0,2536
766069199026450432,4112,820
766008592277377025,3659,482
765719909049503744,7051,2093
765669560888528897,5047,1193
765395769549590528,26017,3276
765371061932261376,6886,2097
765222098633691136,11337,3278
764857477905154048,6290,1722
764259802650378240,5853,1453
763956972077010945,747,52
763837565564780549,12217,4011
763183847194451968,5222,1424
763167063695355904,0,2905
763103485927849985,7179,2230
762699858130116608,11794,3481
762471784394268675,10929,6187
762464539388485633,10022,4013
762316489655476224,4667,1079
762035686371364864,30943,14964
761976711479193600,5257,1927
761750502866649088,0,3766
761745352076779520,4160,833
761672994376806400,47993,28041
761599872357261312,4007,1152
761371037149827077,0,17436
761334018830917632,5038,1405
761292947749015552,4366,1052
761227390836215808,5191,1515
761004547850530816,11038,3361
760893934457552897,3711,933
760656994973933572,6408,1842
760641137271070720,4843,1248
760539183865880579,7362,3496
760521673607086080,4087,1345
760290219849637889,26036,11070
760252756032651264,3841,840
760190180481531904,5543,1735
760153949710192640,0,30
759943073749200896,5770,2006
759923798737051648,14265,5422
759846353224826880,6546,1899
759793422261743616,5791,1844
759557299618865152,4549,1150
759447681597108224,8255,2379
759446261539934208,1621,469
759197388317847553,5908,1881
759159934323924993,0,1116
759099523532779520,14091,4001
759047813560868866,6284,1929
758854675097526272,3448,873
758828659922702336,10884,3713
758740312047005698,5577,1564
758474966123810816,3686,959
758467244762497024,4656,2132
758405701903519748,5052,1841
758355060040593408,3280,1022
758099635764359168,18455,9593
758041019896193024,2623,358
757741869644341248,6667,3149
757729163776290825,0,7612
757725642876129280,4413,1168
757611664640446465,4439,1056
757597904299253760,0,289
757596066325864448,4213,1019
757400162377592832,14686,6584
757393109802180609,5641,1671
757354760399941633,4380,1364
756998049151549440,6092,1913
756939218950160384,6439,1928
756651752796094464,4895,1246
756526248105566208,10099,3457
756303284449767430,3823,1067
756288534030475264,42742,17065
756275833623502848,6190,1475
755955933503782912,7090,2760
755206590534418437,15941,5143
755110668769038337,20532,10684
754874841593970688,0,7599
754856583969079297,6681,2415
754747087846248448,2509,499
754482103782404096,5126,1881
754449512966619136,3631,706
754120377874386944,7644,2264
753655901052166144,5662,2092
753420520834629632,7630,3417
753398408988139520,5555,1823
753375668877008896,7400,2233
753298634498793472,0,5464
753294487569522689,3257,1001
753039830821511168,35935,20070
753026973505581056,3800,920
752932432744185856,12208,6601
752917284578922496,6725,1512
752701944171524096,0,2755
752682090207055872,5828,1532
752660715232722944,4239,1499
752568224206688256,5314,2187
752519690950500352,7135,3313
752334515931054080,3704,1058
752309394570878976,0,15578
752173152931807232,5771,1757
751950017322246144,2970,876
751937170840121344,5022,1261
751830394383790080,5637,1873
751793661361422336,5616,2783
751598357617971201,7704,2933
751583847268179968,4257,1055
751538714308972544,4883,1205
751456908746354688,3111,963
751251247299190784,12143,5633
751205363882532864,6118,1743
751132876104687617,4906,1252
750868782890057730,4621,1311
750719632563142656,12736,4817
750506206503038976,4303,1103
750429297815552001,12766,4101
750383411068534784,4408,1097
750381685133418496,673,27
750147208377409536,3004,923
750132105863102464,3499,1238
750117059602808832,4207,1258
750101899009982464,2945,811
750086836815486976,2105,514
750071704093859840,7563,3184
750056684286914561,3061,865
750041628174217216,3064,585
750026558547456000,2632,757
750011400160841729,3124,867
749996283729883136,2955,786
749981277374128128,4944,2374
749774190421639168,4523,1272
749417653287129088,5906,1575
749403093750648834,2526,507
749395845976588288,8281,3291
749317047558017024,5306,2149
749075273010798592,5561,1985
749064354620928000,4655,1470
749036806121881602,2996,762
748977405889503236,10425,3263
748932637671223296,5601,2159
748705597323898880,2688,918
748699167502000129,4590,1523
748692773788876800,4106,1284
748575535303884801,5860,1909
748568946752774144,2131,647
748346686624440324,5049,1186
748337862848962560,7350,3935
748324050481647620,3568,724
748307329658011649,3575,684
748220828303695873,13649,7437
747963614829678593,5580,2050
747933425676525569,6397,2449
747885874273214464,2828,928
747844099428986880,2725,715
747816857231626240,4680,1113
747651430853525504,1324,147
747648653817413632,12447,5577
747600769478692864,2256,540
747594051852075008,3549,1002
747512671126323200,5334,1544
747461612269887489,3743,1003
747439450712596480,5233,1836
747242308580548608,0,2778
747219827526344708,5079,1498
747204161125646336,3241,870
747103485104099331,9204,3792
746906459439529985,2799,284
746872823977771008,5788,2045
746818907684614144,5136,1671
746790600704425984,4703,1530
746757706116112384,9226,3743
746726898085036033,5842,1719
746542875601690625,4867,1818
746521445350707200,0,941
746507379341139972,4495,1041
746369468511756288,5992,1562
746131877086527488,6647,2099
746056683365994496,3456,780
745789745784041472,3859,1017
745712589599014916,6759,2223
745433870967832576,6811,2438
745422732645535745,8259,2315
745314880350101504,6889,2624
745074613265149952,7552,3335
745057283344719872,6983,2150
744995568523612160,2860,588
744971049620602880,7597,2564
744709971296780288,5402,1496
744334592493166593,6521,2009
744234799360020481,150367,74194
744223424764059648,1595,345
743980027717509120,4027,1049
743895849529389061,3525,926
743835915802583040,0,1975
743609206067040256,4311,1332
743595368194129920,17658,6231
743545585370791937,3408,902
743510151680958465,7640,3560
743253157753532416,4086,1172
743222593470234624,5977,1831
743210557239623680,3703,1308
742534281772302336,6802,3418
742528092657332225,4258,1872
742465774154047488,6990,3752
742423170473463808,9462,3568
742385895052087300,6550,1873
742161199639494656,4142,1303
742150209887731712,4916,1473
741793263812808706,4382,1437
741743634094141440,7859,2616
741438259667034112,3558,780
741303864243200000,8448,3063
741099773336379392,9611,5270
741067306818797568,9185,2944
740995100998766593,6100,2587
740711788199743490,3267,900
740699697422163968,2743,745
740676976021798912,17452,6510
740373189193256964,33699,12701
740365076218183684,2363,409
740359016048689152,3160,822
740214038584557568,6435,1872
739979191639244800,19204,5640
739932936087216128,3905,1030
739844404073074688,3655,818
739623569819336705,3623,1297
739606147276148736,5198,1579
739544079319588864,37904,20198
739485634323156992,6857,2783
739238157791694849,111230,55294
738891149612572673,100,6
738885046782832640,3630,1093
738883359779196928,3167,756
738537504001953792,4888,1464
738402415918125056,3135,785
738184450748633089,4146,1159
738166403467907072,8406,3179
738156290900254721,2402,613
737826014890496000,5049,1688
737800304142471168,9607,3307
737678689543020544,4828,1253
737445876994609152,9828,4235
737322739594330112,3457,772
737310737551491075,14055,7066
736736130620620800,4070,1635
736392552031657984,16985,6990
736365877722001409,3823,1180
736225175608430592,7775,2658
736010884653420544,7563,2821
735991953473572864,3440,1091
735648611367784448,3888,1050
735635087207878657,5924,2244
735274964362878976,12509,4776
735256018284875776,3198,840
735137028879360001,3003,926
734912297295085568,2642,505
734787690684657664,12023,5991
734776360183431168,2405,509
734559631394082816,1432,376
733828123016450049,3432,746
733822306246479872,3526,975
733482008106668032,2992,902
733460102733135873,4016,1205
733109485275860992,51241,16260
732732193018155009,2329,509
732726085725589504,3417,848
732585889486888962,3504,745
732375214819057664,7757,2386
732005617171337216,14251,5115
731285275100512256,3358,953
731156023742988288,3680,1207
730924654643314689,5891,1881
730573383004487680,4674,2025
730427201120833536,3341,988
730211855403241472,3651,1009
730196704625098752,4634,1787
729854734790754305,3863,1066
729838605770891264,1660,359
729823566028484608,3816,1181
729463711119904772,5539,2204
729113531270991872,1801,303
728986383096946689,3014,777
728760639972315136,4473,1621
728751179681943552,2652,646
728653952833728512,3180,993
728409960103686147,4698,1899
728387165835677696,3558,913
728046963732717569,4113,1144
728035342121635841,4358,1586
728015554473250816,3953,1044
727685679342333952,2846,606
727644517743104000,5617,1663
727524757080539137,4280,1154
727314416056803329,3191,708
727286334147182592,2932,782
727175381690781696,3753,1324
727155742655025152,3471,1262
726935089318363137,6576,2314
726887082820554753,3680,1439
726828223124897792,3424,957
726224900189511680,4242,1091
725842289046749185,6799,2536
725786712245440512,3998,1304
725729321944506368,4983,1687
725458796924002305,1357,580
724983749226668032,3579,1233
724771698126512129,2238,601
724405726123311104,5065,1585
724049859469295616,4155,1692
724046343203856385,2551,530
724004602748780546,4006,1462
723912936180330496,3731,1172
723688335806480385,7328,2777
723673163800948736,2905,844
723179728551723008,5073,1771
722974582966214656,3927,1488
722613351520608256,4773,1556
721503162398597120,4412,1733
721001180231503872,2425,584
720785406564900865,2962,729
720775346191278080,2352,626
720415127506415616,3960,1425
720389942216527872,6097,2377
720340705894408192,2743,925
720059472081784833,3697,1067
720043174954147842,4727,1913
719991154352222208,4637,1655
719704490224398336,4346,1355
719551379208073216,4840,1803
719367763014393856,2679,711
719339463458033665,4265,1174
719332531645071360,3294,901
718971898235854848,3331,1029
718939241951195136,5032,1664
718631497683582976,18068,7606
718613305783398402,2337,455
718540630683709445,2336,963
718460005985447936,2581,499
718454725339934721,4650,1434
718246886998687744,1832,470
718234618122661888,3707,943
717841801130979328,2346,566
717790033953034240,2738,1045
717537687239008257,5549,1753
717428917016076293,1549,427
717421804990701568,3015,797
717047459982213120,6022,1828
717009362452090881,3101,914
716802964044845056,4109,1109
716791146589110272,7884,1506
716730379797970944,1181,410
716447146686459905,12503,5566
716439118184652801,2286,200
716285507865542656,2664,1001
716080869887381504,6501,1816
715928423106027520,3059,839
715758151270801409,3558,1361
715733265223708672,4481,1609
715704790270025728,2658,546
715696743237730304,3748,1228
715680795826982913,4106,1521
715360349751484417,5240,1489
715342466308784130,2922,654
715220193576927233,2322,616
715200624753819648,4939,1772
715009755312439296,3983,1163
714982300363173890,3569,987
714962719905021952,7034,4037
714957620017307648,3978,1345
714631576617938945,3138,944
714606013974974464,3490,879
714485234495041536,2550,1073
714258258790387713,2913,696
714251586676113411,3137,795
714214115368108032,2187,831
714141408463036416,4143,1335
713919462244790272,3157,755
713909862279876608,1818,517
713900603437621249,2724,697
713761197720473600,4656,1302
713411074226274305,4255,1242
713177543487135744,6920,2731
713175907180089344,4262,1401
712809025985978368,18257,6394
712717840512598017,11803,4720
712668654853337088,3992,1153
712438159032893441,5094,1489
712309440758808576,228,25
712097430750289920,3618,984
712092745624633345,2825,850
712085617388212225,3135,465
712065007010385924,2162,593
711998809858043904,0,123
711968124745228288,7714,2199
711743778164514816,2724,948
711732680602345472,8434,3879
711694788429553666,31464,17436
711652651650457602,3701,864
711363825979756544,3478,1079
711306686208872448,3165,706
711008018775851008,2874,582
710997087345876993,4391,1323
710844581445812225,2442,649
710833117892898816,2575,504
710658690886586372,2223,535
710609963652087808,4602,2274
710588934686908417,4352,1772
710296729921429505,2284,702
710283270106132480,2072,496
710272297844797440,4342,1193
710269109699739648,2297,1067
710153181850935296,2800,853
710140971284037632,2641,844
710117014656950272,5230,1883
709918798883774466,3357,1034
709901256215666688,640,98
709852847387627521,3358,1144
709566166965075968,3402,1143
709556954897764353,3146,1019
709519240576036864,1438,227
709449600415961088,2116,542
709409458133323776,2533,649
709225125749587968,2305,544
709207347839836162,11967,5481
709198395643068416,2357,610
709179584944730112,1933,642
709158332880297985,1954,393
709042156699303936,4534,1555
708853462201716736,1732,631
708845821941387268,2857,855
708834316713893888,1619,476
708810915978854401,15814,6567
708738143638450176,2652,779
708711088997666817,2430,683
708479650088034305,2439,645
708469915515297792,2979,779
708400866336894977,15262,9552
708356463048204288,3436,1257
708349470027751425,2259,704
708149363256774660,4131,1482
708130923141795840,3244,819
708119489313951744,2580,936
708109389455101952,1879,532
708026248782585858,4222,1837
707995814724026368,3000,1078
707983188426153984,49,2
707969809498152960,2579,914
707776935007539200,3146,913
707741517457260545,2395,583
707738799544082433,3910,2339
707693576495472641,3258,953
707629649552134146,2466,827
707610948723478529,16284,6032
707420581654872064,2161,663
707411934438625280,2208,568
707387676719185920,3354,1213
707377100785885184,3130,1032
707315916783140866,2378,605
707297311098011648,2678,745
707059547140169728,2492,644
707038192327901184,2100,753
707021089608753152,3922,1290
707014260413456384,2223,570
706904523814649856,13996,7488
706901761596989440,1965,556
706681918348251136,3171,931
706644897839910912,2464,1042
706593038911545345,2073,604
706538006853918722,3346,1366
706516534877929472,3001,981
706346369204748288,3318,883
706310011488698368,20390,7518
706291001778950144,1641,455
706265994973601792,2632,889
706169069255446529,3750,2111
706166467411222528,4946,1523
706153300320784384,1421,367
705975130514706432,2979,695
705970349788291072,3054,853
705898680587526145,2285,527
705786532653883392,1857,493
705591895322394625,3047,1098
705475953783398401,2847,873
705442520700944385,4227,1532
705428427625635840,3658,1593
705239209544720384,2881,721
705223444686888960,2486,761
705102439679201280,2054,492
705066031337840642,2100,585
704871453724954624,4109,1069
704859558691414016,2158,506
704847917308362754,4873,1445
704819833553219584,2540,933
704761120771465216,6372,2778
704499785726889984,2791,960
704491224099647488,718,75
704480331685040129,3263,1026
704364645503647744,7660,3391
704347321748819968,1516,334
704134088924532736,1445,434
704113298707505153,1785,548
704054845121142784,2807,878
703774238772166656,1775,435
703769065844768768,3128,1090
703631701117943808,2470,639
703611486317502464,3690,1458
703425003149250560,3645,1296
703407252292673536,2343,663
703382836347330562,3367,1091
703356393781329922,1840,369
703268521220972544,1902,519
703079050210877440,7099,2947
703041949650034688,25280,11854
702932127499816960,2481,686
702899151802126337,1541,430
702684942141153280,3104,1016
702671118226825216,2103,536
702598099714314240,11761,3283
702539513671897089,2772,916
702332542343577600,3049,1475
702321140488925184,3154,1003
702276748847800320,2364,733
702217446468493312,4596,1284
701981390485725185,3312,939
701952816642965504,3691,979
701889187134500865,3401,1324
701805642395348998,3279,1594
701601587219795968,2019,434
701570477911896070,2709,886
701545186879471618,2566,582
701214700881756160,11735,4855
700890391244103680,2133,538
700864154249383937,2498,598
700847567345688576,2362,476
700796979434098688,2345,894
700747788515020802,21890,8838
700518061187723268,2511,761
700505138482569216,2202,547
700462010979500032,3961,1697
700167517596164096,2537,698
700151421916807169,2160,643
700143752053182464,7220,2590
700062718104104960,2538,652
700029284593901568,1996,555
700002074055016451,3179,1275
699801817392291840,2921,907
699788877217865730,2151,489
699779630832685056,2625,1181
699775878809702401,1884,578
699691744225525762,9878,4384
699446877801091073,5722,2501
699434518667751424,2096,494
699423671849451520,1306,307
699413908797464576,2006,597
699370870310113280,1826,417
699323444782047232,3031,827
699088579889332224,2166,595
699079609774645248,2355,617
699072405256409088,2849,1137
699060279947165696,3590,1717
699036661657767936,2510,1152
698989035503689728,3213,928
698953797952008193,2576,872
698907974262222848,2434,592
698710712454139905,2378,650
698703483621523456,1395,356
698635131305795584,1251,328
698549713696649216,2229,596
698355670425473025,1777,427
698342080612007937,2173,920
698262614669991936,4585,1905
698195409219559425,16103,5689
698178924120031232,2708,708
697995514407682048,1461,323
697990423684476929,3152,1227
697943111201378304,2301,646
697881462549430272,2894,1109
697630435728322560,1677,522
697616773278015490,3021,965
697596423848730625,2887,1205
697575480820686848,1962,481
697516214579523584,1968,1061
697482927769255936,2331,637
697463031882764288,3289,1339
697270446429966336,4528,1799
697259378236399616,3168,956
697255105972801536,2950,1104
697242256848379904,2436,640
696900204696625153,3048,979
696894894812565505,2247,648
696886256886657024,4661,1710
696877980375769088,2357,684
696754882863349760,1426,345
696744641916489729,1989,886
696713835009417216,2279,618
696518437233913856,3770,1645
696490539101908992,1167,136
696488710901260288,2416,980
696405997980676096,3085,1108
696100768806522880,1856,622
695816827381944320,2895,1101
695794761660297217,3041,737
695767669421768709,1785,702
695629776980148225,4385,1998
695446424020918272,4240,1738
695409464418041856,8335,3421
695314793360662529,3480,1386
695095422348574720,2543,587
695074328191332352,2723,1049
695064344191721472,1541,563
695051054296211456,2555,761
694925794720792577,2594,874
694905863685980160,2641,892
694669722378485760,34401,13677
694356675654983680,1446,273
694352839993344000,1960,582
694342028726001664,1521,463
694329668942569472,1920,480
694206574471057408,4000,1949
694183373896572928,2827,888
694001791655137281,3274,975
693993230313091072,1807,383
693942351086120961,1682,351
693647888581312512,2585,557
693644216740769793,1302,118
693642232151285760,2448,396
693629975228977152,2352,756
693622659251335168,1470,356
693590843962331137,4839,1865
693582294167244802,1584,236
693486665285931008,1697,600
693280720173801472,3218,1188
693267061318012928,2288,774
693262851218264065,2120,474
693231807727280129,2765,711
693155686491000832,7569,3058
693109034023534592,1640,578
693095443459342336,1791,433
692919143163629568,2582,725
692905862751522816,2337,834
692901601640583168,1689,575
692894228850999298,2172,757
692828166163931137,2763,852
692752401762250755,6545,3482
692568918515392513,4192,1469
692535307825213440,3030,1296
692530551048294401,1766,393
692423280028966913,1420,212
692417313023332352,8998,3295
692187005137076224,2438,781
692158366030913536,2065,754
692142790915014657,1581,371
692041934689402880,3263,1204
692017291282812928,2778,907
691820333922455552,3810,1577
691793053716221953,7821,4037
691756958957883396,2729,942
691675652215414786,1877,486
691483041324204033,2300,534
691459709405118465,3884,1081
691444869282295808,2535,807
691416866452082688,18601,7290
691321916024623104,2483,632
691096613310316544,2858,842
691090071332753408,1662,320
690989312272396288,5671,2734
690959652130045952,3436,1188
690938899477221376,3935,1859
690932576555528194,3157,970
690735892932222976,3642,1211
690728923253055490,2090,493
690690673629138944,2237,783
690649993829576704,1250,262
690607260360429569,286,16
690597161306841088,1867,578
690400367696297985,1812,429
690374419777196032,3124,805
690360449368465409,2558,838
690348396616552449,1441,490
690248561355657216,1613,393
690021994562220032,2694,979
690015576308211712,2393,702
690005060500217858,3530,1612
689999384604450816,1356,350
689993469801164801,1403,428
689977555533848577,1321,428
689905486972461056,2360,660
689877686181715968,2925,1107
689835978131935233,2094,720
689661964914655233,3113,893
689659372465688576,9967,3664
689623661272240129,2142,616
689599056876867584,11206,5260
689557536375177216,1974,434
689517482558820352,3263,1360
689289219123089408,2164,886
689283819090870273,3139,1049
689280876073582592,1909,674
689275259254616065,1099,235
689255633275777024,2463,1034
689154315265683456,2967,946
689143371370250240,1948,481
688916208532455424,2611,822
688908934925697024,2030,729
688898160958271489,2012,744
688894073864884227,2160,653
688828561667567616,1330,349
688804835492233216,925,181
688789766343622656,2131,632
688547210804498433,2484,664
688519176466644993,2230,698
688385280030670848,8908,4260
688211956440801280,2161,791
688179443353796608,2054,559
688116655151435777,2716,740
688064179421470721,1664,345
687841446767013888,5241,2388
687826841265172480,2641,1071
687818504314159109,2389,910
687807801670897665,2290,682
687732144991551489,1691,634
687704180304273409,2344,802
687664829264453632,1865,487
687494652870668288,1828,551
687480748861947905,1540,229
687476254459715584,1908,507
687460506001633280,1978,518
687399393394311168,1825,589
687317306314240000,19368,8739
687312378585812992,4194,1809
687127927494963200,5204,2153
687124485711986689,2104,483
687109925361856513,5593,2345
687102708889812993,2257,924
687096057537363968,2150,579
686947101016735744,8302,3047
686760001961103360,3379,1323
686749460672679938,3345,1382
686730991906516992,3973,1146
686683045143953408,2714,766
686618349602762752,3555,1298
686606069955735556,1814,522
686394059078897668,1674,657
686386521809772549,3135,841
686377065986265092,2129,538
686358356425093120,2090,629
686286779679375361,3865,1600
686050296934563840,2137,694
686035780142297088,1103,111
686034024800862208,2957,1088
686007916130873345,2382,391
686003207160610816,1757,591
685973236358713344,2014,494
685943807276412928,1563,560
685906723014619143,7189,2726
685681090388975616,1961,116
685667379192414208,2266,537
685663452032069632,3092,1389
685641971164143616,2800,732
685547936038666240,31596,14841
685532292383666176,2920,1102
685325112850124800,9055,3766
685321586178670592,2539,599
685315239903100929,3157,995
685307451701334016,2000,417
685268753634967552,2973,1139
685198997565345792,2242,637
685169283572338688,3952,1359
684969860808454144,2294,352
684959798585110529,6545,2978
684940049151070208,3073,991
684926975086034944,3354,443
684914660081053696,3365,1388
684902183876321280,1794,504
684880619965411328,2004,768
684830982659280897,33633,20661
684800227459624960,2619,952
684594889858887680,8539,3335
684588130326986752,3945,1346
684567543613382656,2891,1155
684538444857667585,2537,906
684481074559381504,3726,1122
684460069371654144,1895,531
684241637099323392,7787,3118
684225744407494656,1193,196
684222868335505415,3681,1300
684200372118904832,2065,995
684195085588783105,1831,486
684188786104872960,3360,1104
684177701129875456,1940,629
684147889187209216,2876,1451
684122891630342144,1924,446
684097758874210310,3951,1366
683857920510050305,3665,1067
683852578183077888,1870,330
683849932751646720,2511,908
683834909291606017,2526,1071
683828599284170753,2696,1009
683773439333797890,3210,1284
683742671509258241,6210,3159
683515932363329536,7039,2755
683498322573824003,3048,922
683481228088049664,2559,953
683462770029932544,2327,645
683449695444799489,3716,1534
683391852557561860,7339,2278
683357973142474752,2780,874
683142553609318400,2755,989
683111407806746624,3264,869
683098815881154561,2089,624
683078886620553216,1923,542
683030066213818368,2082,713
682962037429899265,35251,15620
682808988178739200,1712,158
682788441537560576,2384,1060
682750546109968385,1455,414
682697186228989953,1262,345
682662431982772225,2931,1028
682638830361513985,1984,564
682429480204398592,3304,1095
682406705142087680,7264,1670
682393905736888321,2149,633
682389078323662849,1601,446
682303737705140231,2943,929
682259524040966145,3972,1131
682242692827447297,3096,1088
682088079302213632,17465,9351
682059653698686977,4730,1595
682047327939461121,3073,891
682032003584274432,6309,1886
682003177596559360,2994,1442
681981167097122816,2696,982
681891461017812993,2371,778
681694085539872773,12289,3850
681679526984871937,1688,418
681654059175129088,2519,863
681610798867845120,1817,443
681579835668455424,3397,1237
681523177663676416,13677,5464
681340665377193984,1577,260
681339448655802368,8918,3884
681320187870711809,2530,704
681302363064414209,3764,1726
681297372102656000,3082,903
681281657291280384,3092,1045
681261549936340994,1399,251
681242418453299201,1423,501
681231109724700672,2312,464
681193455364796417,3549,1399
680970795137544192,2313,619
680959110691590145,4401,1900
680940246314430465,3063,988
680934982542561280,2006,413
680913438424612864,2316,587
680889648562991104,1694,349
680836378243002368,3313,1255
680805554198020098,2061,635
680801747103793152,2281,777
680798457301471234,2728,983
680609293079592961,2516,660
680583894916304897,3469,1257
680497766108381184,4059,1817
680494726643068929,1648,463
680473011644985345,2440,717
680440374763077632,1393,473
680221482581123072,1417,280
680206703334408192,2709,1106
680191257256136705,2063,476
680176173301628928,3723,1467
680161097740095489,2230,700
680145970311643136,3453,1655
680130881361686529,2196,893
680115823365742593,2608,863
680100725817409536,3443,1304
680085611152338944,12280,8547
680070545539371008,2481,817
679877062409191424,1891,614
679872969355714560,2112,635
679862121895714818,2357,586
679854723806179328,2734,1161
679844490799091713,2272,719
679828447187857408,34593,13279
679777920601223168,2975,1039
679736210798047232,2004,748
679729593985699840,2074,787
679722016581222400,1595,444
679530280114372609,4566,1973
679527802031484928,2523,686
679511351870550016,3223,1198
679503373272485890,3027,1386
679475951516934144,2002,608
679462823135686656,30062,17766
679405845277462528,2263,1136
679158373988876288,20285,7600
679148763231985668,2666,971
679132435750195208,2838,1096
679111216690831360,5674,2448
679062614270468097,16170,7612
679047485189439488,2146,623
679001094530465792,2717,1155
678991772295516161,2170,1091
678969228704284672,1564,430
678800283649069056,2451,853
678798276842360832,3297,1093
678774928607469569,2680,855
678767140346941444,3356,1282
678764513869611008,1550,442
678755239630127104,6746,3091
678740035362037760,3566,1567
678708137298427904,5327,2295
678675843183484930,2716,1380
678643457146150913,1958,380
678446151570427904,3814,1448
678424312106393600,5197,2402
678410210315247616,3997,1696
678399652199309312,76322,30003
678396796259975168,1515,395
678389028614488064,1772,396
678380236862578688,2311,849
678341075375947776,1643,505
678334497360859136,1232,235
678278586130948096,10869,5758
678255464182861824,1511,346
678023323247357953,1813,354
678021115718029313,12917,5933
677961670166224897,3251,1590
677918531514703872,1265,383
677895101218201600,4577,1944
677716515794329600,2892,922
677700003327029250,3216,1355
677698403548192770,1168,303
677687604918272002,2366,797
677673981332312066,3162,1411
677662372920729601,1843,890
677644091929329666,1768,762
677573743309385728,2025,653
677565715327688705,1239,431
677557565589463040,2323,1085
677547928504967168,6566,3460
677530072887205888,1010,217
677335745548390400,2880,1642
677334615166730240,1276,268
677331501395156992,1033,221
677328882937298944,3463,1419
677314812125323265,1565,503
677301033169788928,1165,378
677269281705472000,1867,666
677228873407442944,3359,1539
677187300187611136,2583,857
676975532580409345,2623,1004
676957860086095872,2115,763
676949632774234114,1241,372
676948236477857792,2041,808
676946864479084545,1641,344
676942428000112642,1958,702
676936541936185344,12073,4653
676916996760600576,2812,1706
676897532954456065,2133,686
676864501615042560,1979,657
676821958043033607,21622,14517
676819651066732545,1725,622
676811746707918848,1353,403
676776431406465024,4726,1901
676617503762681856,2721,894
676613908052996102,1026,185
676606785097199616,1801,407
676603393314578432,1098,358
676593408224403456,4316,2015
676590572941893632,873,115
676588346097852417,2183,732
676582956622721024,1123,254
676575501977128964,2428,1049
676533798876651520,1766,518
676496375194980353,1442,501
676470639084101634,10993,4386
676440007570247681,1623,619
676430933382295552,1321,317
676263575653122048,1977,507
676237365392908289,1140,264
676219687039057920,72316,29026
676215927814406144,1635,537
676191832485810177,2138,963
676146341966438401,1815,620
676121918416756736,2044,1086
676101918813499392,2669,1095
676098748976615425,2812,1314
676089483918516224,1235,408
675898130735476737,1517,530
675891555769696257,2004,794
675888385639251968,2236,886
675878199931371520,3932,1308
675870721063669760,1538,528
675853064436391936,2530,1194
675849018447167488,894,133
675845657354215424,2133,816
675822767435051008,1434,504
675820929667219457,983,223
675798442703122432,9662,3199
675781562965868544,1522,436
675740360753160193,1106,316
675710890956750848,1765,761
675707330206547968,1865,639
675706639471788032,612,87
675534494439489536,1737,382
675531475945709568,1114,356
675522403582218240,976,266
675517828909424640,1219,434
675501075957489664,16156,5459
675497103322386432,2947,1205
675489971617296384,1211,553
675483430902214656,1727,900
675432746517426176,1417,531
675372240448454658,1587,487
675362609739206656,991,210
675354435921575936,30529,15578
675349384339542016,3690,2108
675334060156301312,2592,1201
675166823650848770,3319,1460
675153376133427200,5852,2387
675149409102012420,3483,1577
675147105808306176,881,215
675146535592706048,1107,271
675145476954566656,1998,829
675135153782571009,1220,439
675113801096802304,1818,728
675111688094527488,898,229
675109292475830276,2622,1045
675047298674663426,987,296
675015141583413248,2532,1097
675006312288268288,914,208
675003128568291329,1458,429
674999807681908736,2090,1019
674805413498527744,804,333
674800520222154752,2815,792
674793399141146624,2333,1006
674790488185167872,1027,229
674788554665512960,754,194
674781762103414784,1876,1105
674774481756377088,1029,433
674767892831932416,1694,723
674764817387900928,735,215
674754018082705410,1270,404
674752233200820224,1361,424
674743008475090944,1303,502
674742531037511680,447,47
674739953134403584,1016,356
674737130913071104,604,81
674690135443775488,1071,437
674670581682434048,1508,598
674664755118911488,854,223
674646392044941312,1340,451
674644256330530816,972,254
674638615994089473,1572,540
674632714662858753,1397,530
674606911342424069,873,92
674468880899788800,5827,1878
674447403907457024,993,331
674436901579923456,1035,360
674422304705744896,1336,497
674416750885273600,646,126
674410619106390016,1126,425
674394782723014656,1401,524
674372068062928900,799,292
674330906434379776,530,70
674318007229923329,1313,476
674307341513269249,10615,6375
674291837063053312,13718,5397
674271431610523648,1452,676
674269164442398721,852,213
674265582246694913,1518,774
674262580978937856,1228,417
674255168825880576,1358,496
674082852460433408,714,151
674075285688614912,930,261
674063288070742018,5953,2005
674053186244734976,3080,1192
674051556661161984,1352,455
674045139690631169,1314,594
674042553264685056,670,116
674038233588723717,1030,391
674036086168010753,799,189
674024893172875264,1657,1131
674019345211760640,1056,284
674014384960745472,1456,590
674008982932058114,1123,324
673956914389192708,1823,881
673919437611909120,1093,342
673906403526995968,2962,1517
673887867907739649,877,235
673716320723169284,2887,694
673715861853720576,3288,1893
673711475735838725,973,276
673709992831262724,788,246
673708611235921920,996,262
673707060090052608,1028,359
673705679337693185,1179,377
673700254269775872,1340,525
673697980713705472,3674,1793
673689733134946305,1620,595
673688752737402881,1175,454
673686845050527744,1341,399
673680198160809984,1272,431
673662677122719744,1171,342
673656262056419329,676,217
673636718965334016,1025,333
673612854080196609,1492,666
673583129559498752,1110,332
673580926094458881,776,253
673576835670777856,1287,518
673363615379013632,962,278
673359818736984064,1347,615
673355879178194945,1399,527
673352124999274496,1556,496
673350198937153538,712,195
673345638550134785,2326,1162
673343217010679808,902,246
673342308415348736,1186,521
673320132811366400,12485,7196
673317986296586240,821,227
673295268553605120,7000,2905
673270968295534593,997,333
673240798075449344,1330,650
673213039743795200,2064,770
673148804208660480,1574,577
672997845381865473,1839,655
672995267319328768,883,268
672988786805112832,912,266
672984142909456390,1174,505
672980819271634944,1695,931
672975131468300288,1559,824
672970152493887488,879,327
672968025906282496,1237,496
672964561327235073,1319,588
672902681409806336,1279,454
672898206762672129,842,387
672884426393653248,1431,774
672877615439593473,954,325
672834301050937345,1214,526
672828477930868736,1156,447
672640509974827008,913,287
672622327801233409,1198,442
672614745925664768,1132,533
672609152938721280,1021,355
672604026190569472,1027,364
672594978741354496,1231,561
672591762242805761,879,303
672591271085670400,665,174
672538107540070400,943,333
672523490734551040,581,151
672488522314567680,1034,398
672482722825261057,1043,545
672481316919734272,669,120
672475084225949696,1344,646
672466075045466113,1253,483
672272411274932228,5967,3084
672267570918129665,1372,564
672264251789176834,1050,307
672256522047614977,2615,1405
672254177670729728,1330,681
672248013293752320,1607,550
672245253877968896,627,143
672239279297454080,836,297
672231046314901505,1691,927
672222792075620352,730,192
672205392827572224,2085,1049
672169685991993344,943,335
672160042234327040,813,327
672139350159835138,1615,635
672125275208069120,2209,1042
672095186491711488,922,339
672082170312290304,877,336
672068090318987265,1191,467
671896809300709376,7903,3838
671891728106971137,1216,517
671882082306625538,3239,1276
671879137494245376,1308,606
671874878652489728,1161,506
671866342182637568,1045,446
671855973984772097,833,397
671789708968640512,6574,3170
671768281401958400,1109,451
671763349865160704,1547,823
671744970634719232,1257,707
671743150407421952,699,217
671735591348891648,1337,692
671729906628341761,7878,3976
671561002136281088,11871,6629
671550332464455680,842,192
671547767500775424,1252,537
671544874165002241,1817,954
671542985629241344,1010,518
671538301157904385,861,352
671536543010570240,1092,371
671533943490011136,941,529
671528761649688577,779,235
671520732782923777,1291,487
671518598289059840,875,271
671511350426865664,1473,641
671504605491109889,6474,3281
671497587707535361,858,414
671488513339211776,929,439
671486386088865792,533,180
671485057807351808,709,213
671390180817915904,1333,683
671362598324076544,1029,270
671357843010908160,370,143
671355857343524864,446,111
671347597085433856,881,388
671186162933985280,671,190
671182547775299584,1027,307
671166507850801152,809,313
671163268581498880,1523,1013
671159727754231808,330,73
671154572044468225,658,201
671151324042559489,616,139
671147085991960577,614,200
671141549288370177,1070,597
671138694582165504,856,369
671134062904504320,685,174
671122204919246848,3217,2296
671115716440031232,1264,711
671109016219725825,1059,397
670995969505435648,1020,265
670842764863651840,22919,7938
670840546554966016,541,177
670838202509447168,1026,628
670833812859932673,402,113
670832455012716544,673,196
670826280409919488,5103,3699
670823764196741120,715,169
670822709593571328,561,88
670815497391357952,2929,1398
670811965569282048,1043,244
670807719151067136,1083,448
670804601705242624,1816,872
670803562457407488,317,83
670797304698376195,684,212
670792680469889025,773,249
670789397210615808,613,219
670786190031921152,556,183
670783437142401025,771,351
670782429121134593,1427,701
670780561024270336,735,266
670778058496974848,311,67
670764103623966721,1007,387
670755717859713024,404,96
670733412878163972,893,467
670727704916926465,776,328
670717338665226240,1103,439
670704688707301377,726,341
670691627984359425,545,220
670679630144274432,692,256
670676092097810432,227,37
670668383499735048,9885,4555
670474236058800128,1402,677
670468609693655041,333,80
670465786746662913,904,500
670452855871037440,510,188
670449342516494336,1119,593
670444955656130560,6272,1808
670442337873600512,599,184
670435821946826752,980,469
670434127938719744,1314,589
670433248821026816,306,103
670428280563085312,1288,560
670427002554466305,484,146
670421925039075328,1213,579
670420569653809152,573,287
670417414769758208,532,299
670411370698022913,1871,816
670408998013820928,512,200
670403879788544000,396,140
670385711116361728,521,190
670374371102445568,697,248
670361874861563904,306,60
670338931251150849,397,101
670319130621435904,3616,1116
670303360680108032,405,120
670290420111441920,645,261
670093938074779648,949,301
670086499208155136,646,229
670079681849372674,2044,1113
670073503555706880,1443,716
670069087419133954,575,217
670061506722140161,699,303
670055038660800512,614,296
670046952931721218,598,159
670040295598354432,697,103
670037189829525505,549,253
670003130994700288,309,84
669993076832759809,299,75
669972011175813120,412,140
669970042633789440,282,50
669942763794931712,465,144
669926384437997569,350,88
669923323644657664,215,53
669753178989142016,737,366
669749430875258880,239,60
669684865554620416,470,80
669683899023405056,351,100
669682095984410625,328,124
669680153564442624,619,264
669661792646373376,749,389
669625907762618368,3265,1652
669603084620980224,887,334
669597912108789760,472,139
669583744538451968,1381,848
669573570759163904,403,127
669571471778410496,1471,926
669567591774625800,217,48
669564461267722241,362,110
669393256313184256,329,66
669375718304980992,1225,659
669371483794317312,453,161
669367896104181761,424,138
669363888236994561,580,208
669359674819481600,345,110
669354382627049472,2497,1162
669353438988365824,584,239
669351434509529089,401,166
669328503091937280,940,381
669327207240699904,532,112
669324657376567296,456,192
669216679721873412,1102,366
669214165781868544,402,146
669203728096960512,930,426
669037058363662336,605,284
669015743032369152,682,341
669006782128353280,534,221
669000397445533696,19358,5791
668994913074286592,406,204
668992363537309700,686,311
668989615043424256,623,303
668988183816871936,836,419
668986018524233728,510,149
668981893510119424,502,276
668979806671884288,736,317
668975677807423489,1205,529
668967877119254528,133,21
668960084974809088,651,223
668955713004314625,254,65
668932921458302977,236,53
668902994700836864,294,91
668892474547511297,370,135
668872652652679168,490,277
668852170888998912,419,147
668826086256599040,394,122
668815180734689280,517,236
668779399630725120,663,341
668655139528511488,488,201
668645506898350081,807,479
668643542311546881,807,470
668641109086707712,983,492
668636665813057536,957,451
668633411083464705,2579,1453
668631377374486528,655,292
668627278264475648,289,100
668625577880875008,351,117
668623201287675904,1305,685
668620235289837568,184,36
668614819948453888,569,292
668587383441514497,1550,974
668567822092664832,219,49
668544745690562560,473,209
668542336805281792,420,193
668537837512433665,236,63
668528771708952576,430,203
668507509523615744,301,94
668496999348633600,378,120
668484198282485761,388,215
668480044826800133,419,131
668466899341221888,812,464
668297328638447616,577,272
668291999406125056,225,29
668286279830867968,465,125
668274247790391296,761,211
668268907921326080,510,212
668256321989451776,1199,543
668248472370458624,878,429
668237644992782336,5701,2568
668226093875376128,269,91
668221241640230912,474,179
668204964695683073,517,182
668190681446379520,601,182
668171859951755264,446,172
668154635664932864,462,285
668142349051129856,535,256
668113020489474048,619,216
667937095915278337,1149,726
667924896115245057,275,98
667915453470232577,196,51
667911425562669056,450,263
667902449697558528,796,349
667886921285246976,1724,973
667885044254572545,765,425
667878741721415682,368,107
667873844930215936,577,369
667866724293877760,2813,941
667861340749471744,229,74
667832474953625600,268,57
667806454573760512,976,448
667801013445750784,295,85
667793409583771648,641,304
667782464991965184,379,225
667773195014021121,214,47
667766675769573376,398,199
667728196545200128,345,139
667724302356258817,442,287
667550904950915073,0,30
667550882905632768,0,26
667549055577362432,5312,2053
667546741521195010,315,115
667544320556335104,789,483
667538891197542400,189,60
667534815156183040,751,480
667530908589760512,431,218
667524857454854144,1563,1021
667517642048163840,343,176
667509364010450944,6298,1939
667502640335572993,501,201
667495797102141441,482,243
667491009379606528,480,206
667470559035432960,233,88
667455448082227200,179,56
667453023279554560,291,80
667443425659232256,712,526
667437278097252352,411,213
667435689202614272,282,79
667405339315146752,430,203
667393430834667520,177,51
667369227918143488,336,151
667211855547486208,443,220
667200525029539841,568,238
667192066997374976,349,88
667188689915760640,677,355
667182792070062081,13106,5553
667177989038297088,175,50
667176164155375616,556,414
667174963120574464,226,71
667171260800061440,200,75
667165590075940865,2474,1024
667160273090932737,231,55
667152164079423490,43892,15268
667138269671505920,4187,1975
667119796878725120,302,118
667090893657276420,304,112
667073648344346624,369,106
667070482143944705,75,13
667065535570550784,154,40
667062181243039745,201,47
667044094246576128,172,44
667012601033924608,418,197
666996132027977728,222,80
666983947667116034,2333,880
666837028449972224,741,494
666835007768551424,191,71
666826780179869698,233,81
666817836334096384,466,228
666804364988780544,213,82
666786068205871104,683,433
666781792255496192,350,173
666776908487630848,316,153
666739327293083650,215,60
666701168228331520,387,194
666691418707132416,169,44
666649482315059201,1021,563
666644823164719104,216,73
666454714377183233,465,191
666447344410484738,94,18
666437273139982337,110,42
666435652385423360,146,45
666430724426358785,288,172
666428276349472768,147,70
666421158376562688,289,95
666418789513326592,110,39
666411507551481857,392,283
666407126856765440,98,31
666396247373291520,151,72
666373753744588802,168,75
666362758909284353,690,495
666353288456101888,192,63
666345417576210432,266,128
666337882303524864,174,81
666293911632134144,447,306
666287406224695296,131,57
666273097616637952,156,69
666268910803644416,93,32
666104133288665088,13135,5727
666102155909144576,69,11
666099513787052032,139,57
666094000022159362,152,65
666082916733198337,100,41
666073100786774016,280,140
666071193221509120,134,52
666063827256086533,431,188
666058600524156928,103,49
666057090499244032,263,117
666055525042405380,393,211
666051853826850816,1082,740
666050758794694657,119,51
666049248165822465,93,38
666044226329800704,259,122
666033412701032449,107,39
666029285002620928,117,41
666020888022790149,2342,443
